MlbId,CareerStartYear
110029,1991
110067,1991
110129,1990
110134,1991
110135,1991
110179,1994
110184,1988
110189,1988
110209,1988
110230,1993
110236,1990
110293,1988
110351,1988
110359,1990
110383,1992
110385,1988
110403,1994
110427,1988
110432,1989
110450,1991
110503,1990
110682,1992
110683,1990
110788,1994
110816,1990
110840,1995
110853,1993
110859,1991
110870,1990
110891,1990
110987,1988
111072,1990
111145,1991
111188,1986
111213,1994
111214,1990
111228,1988
111232,1988
111241,1988
111244,1990
111262,1991
111492,1988
111496,1992
111531,1992
111548,1994
111554,1986
111684,1989
111692,1988
111742,1990
111838,1991
111851,1994
111867,1992
111904,1991
112020,1994
112030,1991
112031,1988
112077,1990
112087,1995
112106,1990
112107,1988
112113,1988
112116,1995
112128,1991
112131,1992
112155,1992
112223,1990
112270,1991
112297,1991
112316,1990
112381,1988
112388,1984
112413,1992
112461,1988
112482,1994
112496,1993
112526,1994
112559,1988
112680,1988
112690,1989
112736,1992
112775,1992
112881,1995
112897,1993
112901,1994
112903,1995
112906,1991
112937,1990
112940,1994
113028,1992
113211,1992
113232,1990
113234,1994
113240,1995
113296,1995
113330,1992
113358,1991
113488,1993
113646,1994
113660,1990
113679,1993
113702,1990
113744,1988
113784,1990
113793,1989
113819,1991
113833,1990
113845,1994
113884,1989
113889,1995
113898,1994
113915,1991
113941,1992
113946,1990
113961,1992
114031,1993
114032,1988
114135,1988
114208,1988
114260,1991
114342,1994
114353,1990
114354,1992
114374,1984
114517,1993
114581,1988
114596,1994
114739,1992
114768,1991
114789,1990
114849,1987
114909,1992
114924,1991
114928,1992
114932,1988
114935,1988
114971,1988
115017,1990
115056,1995
115094,1993
115103,1993
115132,1994
115135,1988
115169,1988
115174,1988
115183,1988
115210,1991
115216,1991
115223,1994
115224,1993
115229,1994
115263,1988
115370,1991
115391,1988
115394,1993
115399,1990
115436,1988
115438,1994
115475,1992
115529,1988
115586,1997
115608,1991
115629,1991
115649,1991
115727,1993
115732,1995
115803,1994
115812,1994
115817,1996
115825,1988
115832,1988
115842,1991
115902,1992
115915,1992
116000,1990
116034,1991
116058,1990
116075,1991
116114,1994
116248,1988
116338,1993
116380,1992
116414,1992
116423,1992
116496,1991
116530,1992
116539,1992
116569,1993
116595,1992
116615,1988
116641,1995
116662,1994
116706,1990
116718,1992
116734,1990
116747,1988
116853,1990
116974,1992
116999,1990
117044,1999
117094,1994
117148,1990
117157,1993
117244,1994
117276,1996
117420,1988
117566,1992
117601,1993
117652,1987
117722,1991
117756,1991
117758,1992
117759,1990
117763,1996
117769,1990
117842,1991
117863,1988
117913,1991
117919,1988
117922,1988
117928,1993
117929,1993
117955,1991
118065,1991
118120,1986
118130,1992
118158,1996
118163,1988
118256,1991
118305,1993
118353,1990
118359,1991
118362,1989
118366,1993
118377,1990
118414,1991
118421,1992
118469,1992
118560,1991
118609,1992
118898,1991
118947,1993
118960,1992
118967,1988
118986,1987
119023,1990
119064,1990
119125,1991
119142,1988
119154,1993
119182,1992
119215,1993
119247,1990
119348,1989
119403,1995
119442,1993
119456,1992
119469,1986
119482,1993
119488,1986
119608,1990
119616,1987
119624,1990
119704,1988
119732,1993
119798,1988
119809,1994
119811,1994
119827,1995
119853,1993
119865,1996
119869,1992
119913,1991
119948,1988
119976,1989
119984,1988
120042,1993
120044,1992
120047,1993
120074,1994
120085,1990
120092,1990
120107,1991
120190,1991
120191,1986
120202,1993
120221,1994
120285,1990
120401,1991
120407,1988
120408,1991
120413,1993
120416,1993
120419,1993
120447,1990
120451,1990
120485,1991
120514,1988
120536,1990
120691,1991
120717,1993
120747,1988
120766,1988
120768,1995
120802,1992
120824,1990
120878,1991
120886,1992
120903,1991
120922,1991
121002,1988
121009,1991
121058,1991
121060,1988
121074,1993
121096,1994
121099,1990
121125,1988
121215,1997
121250,1990
121252,1992
121258,1990
121347,1994
121353,1993
121358,1990
121361,1995
121386,1988
121409,1993
121450,1995
121541,1991
121556,1993
121616,1991
121640,1990
121663,1988
121673,1988
121690,1993
121693,1986
121696,1994
121811,1988
121834,1991
121955,1988
121986,1991
122007,1992
122027,1993
122111,1988
122195,1990
122201,1992
122218,1986
122251,1993
122332,1990
122368,1993
122477,1988
122497,1990
122519,1991
122544,1988
122562,1988
122596,1993
122620,1990
122644,1989
122681,1988
122784,1992
122803,1990
122915,1990
122975,1993
122987,1993
122989,1987
123010,1992
123040,1991
123041,1991
123107,1994
123118,1992
123173,1995
123176,1992
123245,1989
123272,1990
123294,1991
123307,1993
123348,1988
123387,1995
123415,1991
123431,1991
123438,1994
123457,1992
123494,1993
123584,1991
123595,1991
123596,1993
123609,1993
123610,1988
123660,1995
123689,1992
123707,1988
123723,1992
123725,1993
123743,1988
123744,1988
123790,1993
123801,1990
123828,1992
123833,1989
123839,1990
123842,1994
123955,1993
124000,1988
124071,1987
124171,1990
124184,1990
124185,1990
124209,1990
124233,1990
124234,1992
124288,1988
124314,1988
124315,1988
124343,1991
124383,1990
124388,1992
124417,1994
124482,1993
124523,1991
124580,1990
124604,1993
124605,1994
124643,1993
124693,1991
124695,1990
124696,1990
124748,1990
124805,1998
131700,1996
131702,1997
132220,1995
132241,1995
132260,1994
132360,1992
132620,1994
132660,1991
132720,1993
132785,1995
132787,1993
132788,1994
132880,1994
132961,1995
132980,1997
133120,1991
133140,1990
133160,1995
133220,1997
133221,1995
133225,1995
133226,1993
133240,1993
133321,1996
133340,1998
133342,1990
133343,1993
133380,1996
133420,1992
133460,1995
133729,1995
133960,1997
133982,1994
134000,1995
134001,1993
134002,1993
134003,1994
134162,1997
134181,1996
134182,1994
134260,1993
134263,1990
134265,1993
134268,1995
134280,1994
134320,1994
134321,1994
134341,1994
134360,1992
134460,1997
135782,1993
135783,1994
135784,1994
136263,1994
136267,1998
136268,1996
136300,1994
136304,1995
136422,1993
136460,1995
136500,1994
136580,1992
136582,1988
136600,1994
136601,1994
136602,1995
136605,1996
136607,1992
136660,1996
136664,1995
136722,1995
136724,1995
136725,1994
136726,1995
136727,1996
136728,1994
136730,1995
136731,1994
136734,1995
136763,1993
136766,1990
136767,1997
136770,1998
136780,1995
136860,1995
136880,1995
136901,1994
136920,1995
137001,1996
137002,1995
137005,1995
137006,1995
137140,1994
150000,1995
150001,1995
150003,1998
150009,1996
150010,1991
150011,1996
150019,1993
150020,1997
150021,1998
150023,1996
150029,1997
150032,1993
150034,1991
150035,1995
150037,1995
150038,1995
150040,1993
150041,1996
150043,1989
150049,1996
150053,1993
150054,1995
150057,1995
150061,1995
150063,1996
150064,1995
150067,1993
150070,1996
150071,1994
150080,1995
150086,1990
150089,1998
150090,1995
150093,1999
150097,1997
150100,1998
150102,1995
150103,1997
150105,1991
150106,1992
150107,1994
150114,1995
150116,1997
150118,1996
150119,1995
150122,1995
150128,1996
150130,1994
150132,1992
150134,1997
150135,1998
150137,1997
150142,1998
150144,1997
150148,1996
150150,1994
150152,1996
150153,1995
150159,1995
150160,1996
150162,1996
150164,1992
150167,1996
150174,1995
150178,1995
150180,1994
150182,1997
150183,1998
150185,1995
150188,1995
150196,1988
150197,1994
150201,1991
150202,1996
150203,1998
150204,2001
150205,1995
150206,1996
150207,1998
150208,1993
150209,1997
150210,1996
150211,1994
150212,1998
150217,1996
150218,1996
150219,1995
150220,1998
150222,1995
150224,1996
150225,1995
150229,1994
150230,1995
150239,1994
150241,1995
150242,1998
150243,1999
150244,1998
150247,1994
150249,1997
150251,1997
150252,1995
150255,1997
150256,1995
150259,1992
150261,1994
150268,1994
150269,1992
150270,1996
150273,1993
150274,1997
150275,1995
150277,1996
150281,1995
150282,1995
150284,1995
150285,1995
150286,1997
150287,1996
150288,1996
150289,1998
150290,1993
150291,1995
150295,1994
150297,1994
150298,1994
150299,1995
150302,1996
150303,1992
150304,1996
150305,1994
150306,1996
150317,1996
150319,1998
150322,1994
150324,1994
150325,1996
150331,1996
150334,1993
150337,1999
150342,1994
150344,1993
150347,1992
150348,1996
150353,1994
150355,1993
150356,1997
150359,1995
150361,1993
150367,1997
150369,1996
150373,1997
150375,1994
150378,1996
150382,1992
150390,1996
150392,1994
150393,1995
150395,1996
150396,1996
150397,1997
150398,1994
150399,1993
150401,1996
150404,1996
150407,1997
150408,1993
150409,1996
150411,1995
150414,1996
150415,1999
150416,1995
150420,1997
150421,1995
150424,1996
150426,1999
150430,1996
150433,1995
150435,1994
150438,1995
150439,1994
150440,1994
150449,1999
150450,1996
150451,1995
150456,1997
150458,1994
150459,1994
150461,1994
150466,1997
150467,1996
150469,1996
150472,1995
150474,1994
150479,1998
150482,1996
150483,1993
150484,1997
204020,1997
206463,1996
206551,1992
206565,1995
207267,1996
209315,1995
211041,1993
212297,1982
212356,1999
212360,1999
213680,1999
213711,1998
214950,1995
215197,1999
215883,2000
216106,1999
216897,1999
217096,1999
217100,1999
217915,1999
218294,1999
218595,1995
218596,1997
218694,1998
218894,1999
219194,1996
219594,1999
220194,1999
220305,1997
220594,1994
227495,1994
228594,1997
232694,1996
232994,1997
233694,1996
234194,1996
235095,1997
235097,1994
235194,1997
235494,1998
236155,1994
236427,1993
237346,1996
237694,1990
237800,1995
238796,1994
239795,1996
240494,1995
240694,1997
275700,1994
275928,1996
275930,1997
275933,1997
275934,1997
276051,1993
276053,1997
276054,1997
276055,1998
276056,2000
276336,1996
276342,1997
276343,1996
276344,1995
276345,1994
276346,1998
276347,1999
276351,1998
276352,1997
276353,1997
276354,1994
276356,1996
276359,1996
276360,1997
276361,1998
276369,1996
276371,1997
276372,1996
276373,1997
276374,1994
276376,1996
276377,1999
276509,1994
276510,1996
276511,1997
276514,1996
276519,1996
276520,1995
276521,1997
276523,1996
276526,1995
276528,1996
276530,1997
276533,1991
276534,1996
276537,1995
276540,1991
276541,1997
276542,1997
276543,1997
276545,1997
276547,1997
276912,1997
276913,1997
277184,1997
277397,1995
277399,1997
277405,1997
277407,1996
277409,1996
277410,1996
277414,1996
277416,1996
277417,2000
279561,1998
279564,1993
279565,1998
279566,1997
279568,1997
279570,1991
279571,1999
279576,1995
279577,1997
279578,1997
279615,1998
279782,1997
279823,1993
279824,1999
279827,1999
279912,1991
279913,1999
280058,2000
280059,1992
280061,1998
280062,1993
282327,1993
282328,1997
282332,1998
282333,1996
282562,1998
282565,1992
282567,1998
282586,1993
282587,1993
282594,1996
282597,1993
282598,1997
282600,1999
282656,1999
282878,1999
282879,1998
282882,1993
282905,1996
282993,1997
283051,1997
283161,1999
283166,1997
283168,1996
283210,1990
284565,1993
284566,1997
284568,1999
284571,1998
284572,1999
284573,1999
285063,1998
285064,1998
285068,1998
285070,1998
285072,1998
285075,1997
285078,1999
285079,1997
285080,1998
285131,1997
291565,1998
292294,1997
294558,2000
316792,1997
324432,1997
324892,1997
325392,1994
328092,1995
329092,1997
330892,1997
331492,1997
331633,1999
332292,1996
333192,1996
333292,1998
333293,1999
333492,1998
334393,1998
334492,1997
337392,1995
339492,1996
340192,1996
340392,2000
340393,1997
341392,1994
342792,1990
342892,1998
345792,1991
346793,1997
346794,1998
346795,1997
346796,1999
346797,1997
346798,1997
346799,1997
346800,1998
346801,1996
346846,1997
346847,1998
346848,1997
346852,1995
346855,1998
346857,1998
346858,1998
346859,1998
346862,1999
346863,1997
346867,1996
346868,1997
346869,1996
346871,1997
346873,1998
346874,1998
348561,2000
348562,1998
348563,1998
349193,1998
367893,1997
367944,1996
400001,1994
400002,1997
400008,1999
400010,1999
400014,1999
400018,1998
400019,2000
400021,2000
400023,1998
400050,1998
400051,1997
400056,1999
400058,1998
400061,1997
400062,1998
400063,1998
400066,1998
400067,1996
400068,1996
400071,1998
400073,1998
400075,1997
400076,1997
400077,1998
400082,1998
400083,1998
400085,2001
400086,1995
400089,1999
400090,1997
400091,1997
400092,1998
400093,1999
400095,1997
400098,1997
400099,1997
400104,1997
400109,1998
400110,1997
400112,1997
400113,1998
400114,1996
400115,1997
400116,1995
400118,1998
400119,1995
400120,2000
400121,1999
400124,1998
400125,1998
400126,1996
400127,1997
400128,1996
400129,1997
400130,1998
400132,1998
400134,1998
400136,1997
400137,1997
400139,1997
400140,1997
400141,1997
400142,1997
400143,1998
400146,1997
400147,1998
400148,1997
400149,1998
400152,1998
400153,2001
400154,2001
400156,2000
400158,1998
400180,1996
400181,1998
400267,1994
400268,1997
400270,1996
400280,1994
400284,2000
400290,1998
400291,2001
400292,1999
400301,1997
400305,1994
400306,2000
405395,2000
406301,1996
406402,1997
406428,1998
406550,1993
406670,1996
406678,1998
406723,1995
406773,1998
406873,1998
406874,1996
406876,1995
406878,1999
406895,1997
406913,1996
406933,1999
406954,1995
407053,2000
407073,1997
407074,1998
407094,1995
407113,1996
407133,1995
407154,1999
407155,1995
407193,2000
407194,1996
407235,1998
407296,1998
407297,1998
407298,1999
407356,1996
407376,2002
407377,1998
407378,1998
407380,1997
407396,1999
407397,1998
407398,2000
407399,1999
407400,1997
407482,1997
407483,1999
407485,1998
407486,1999
407487,1998
407489,1999
407496,1995
407556,1999
407576,1997
407577,1993
407578,2002
407579,1995
407757,1998
407776,1998
407777,1999
407778,1998
407779,1997
407781,1999
407783,1998
407784,1999
407785,1999
407786,1998
407789,2000
407790,1999
407791,1992
407792,1999
407793,1999
407794,1998
407795,1998
407796,1999
407797,1999
407798,1998
407799,1999
407800,1999
407801,1997
407802,1998
407803,1999
407804,1999
407805,1999
407806,1997
407807,1999
407808,2000
407812,1998
407815,1999
407816,1999
407817,1997
407819,1998
407820,1998
407822,1999
407823,1998
407824,1998
407825,1999
407826,1998
407827,1997
407828,1999
407829,1998
407831,1999
407832,1999
407833,1998
407835,1999
407836,1994
407838,1996
407839,1995
407840,1998
407842,1998
407843,1998
407845,1999
407846,1997
407849,1998
407850,1997
407853,1999
407855,1999
407856,1997
407857,1994
407858,1999
407859,1998
407860,1999
407861,1998
407862,1999
407864,1998
407867,2000
407870,1999
407871,1999
407872,2001
407873,1998
407875,1997
407876,1999
407877,1998
407878,1999
407879,1999
407880,1999
407881,2000
407883,1998
407884,1998
407885,1999
407886,1999
407887,1998
407889,1998
407890,1999
407891,1999
407892,1998
407893,2002
407896,2001
407897,1998
407899,1998
407900,1999
407901,2001
407902,1999
407903,1996
407904,1999
407905,1996
407906,1996
407907,1999
407908,2000
407910,1999
407911,1999
407913,1999
407915,1999
407918,1999
407919,1998
407924,2000
407925,1999
407927,1998
407930,2001
407932,2000
407996,1999
408036,2000
408037,2000
408038,1998
408039,2002
408040,1996
408042,1999
408045,2001
408046,1999
408047,1999
408049,1999
408050,1996
408051,2000
408052,2001
408054,1999
408056,1998
408057,2000
408061,1999
408062,2000
408063,2000
408064,2000
408067,2000
408069,2001
408071,1996
408072,2002
408073,2000
408074,2000
408076,1993
408077,1995
408096,1999
408097,1999
408098,1999
408103,2000
408104,1999
408107,1994
408108,2000
408193,2002
408197,1997
408199,1997
408201,1992
408206,1999
408209,2000
408210,1997
408211,2000
408212,2001
408213,1999
408219,1999
408221,2001
408222,2000
408224,1993
408226,1997
408227,1996
408230,1995
408232,1999
408234,2000
408235,1997
408236,2000
408238,1998
408240,1994
408241,1999
408242,1996
408243,2000
408244,2000
408246,2000
408247,2002
408248,2001
408249,1993
408250,1998
408252,1999
408297,2001
408299,1999
408300,2000
408304,2001
408305,1999
408306,2000
408307,1999
408310,2001
408311,2001
408312,1999
408314,2000
408315,1996
408475,1998
420664,2000
420672,2001
420673,1999
420684,1999
420864,1997
420944,2000
421004,1996
421024,1997
421064,1998
421104,1998
421124,1999
421684,1999
421685,1999
421983,1998
424144,1999
424164,2001
424184,1998
424284,1998
424324,2000
424325,1998
424365,2001
424366,2001
424425,2001
424426,2000
424445,1998
424465,2001
424485,1995
424525,1998
424585,2000
424625,1995
424667,2001
424668,1999
424685,1997
424705,1999
424706,2000
424726,2000
424805,1998
424825,1999
424925,1998
424947,2001
425106,2001
425126,1995
425146,1999
425166,2000
425186,2000
425206,1996
425226,2000
425286,1999
425307,1993
425346,1996
425366,1999
425386,2003
425406,1998
425407,2000
425426,2000
425427,2000
425428,1998
425429,1999
425446,1995
425449,1994
425450,1998
425452,2001
425466,1999
425467,2000
425468,1999
425469,2000
425471,1999
425472,1999
425473,2000
425475,1998
425476,1998
425477,1999
425479,1999
425481,1999
425482,2000
425483,1998
425484,2000
425485,2001
425486,1999
425487,2000
425488,1999
425489,1999
425490,1999
425491,1999
425492,1998
425493,1999
425494,1999
425496,1999
425497,2000
425502,1999
425503,2000
425504,1998
425506,1999
425507,2000
425508,2000
425509,2000
425510,2002
425511,1999
425512,2000
425513,1998
425514,1998
425515,1999
425526,1995
425527,1998
425528,1999
425530,1999
425531,1999
425532,1999
425533,2000
425534,2000
425535,2000
425537,1999
425538,2001
425539,2000
425541,2001
425542,2000
425543,1999
425545,2000
425546,1998
425547,2000
425548,2000
425549,2000
425550,1998
425551,1998
425553,1999
425554,1999
425555,2001
425556,2000
425557,2003
425558,2000
425559,1999
425560,2000
425561,2000
425562,2000
425564,2001
425565,1999
425566,2000
425567,1999
425606,1996
425626,2000
425627,1998
425628,1999
425629,1999
425630,2000
425631,1998
425632,1999
425633,2000
425634,1996
425646,2001
425647,1998
425648,2000
425649,1999
425650,2001
425651,1999
425652,1998
425653,1998
425654,2000
425655,1998
425656,1999
425657,1998
425658,1999
425659,2000
425660,1999
425661,1999
425662,1998
425663,2000
425664,1999
425665,1998
425667,1998
425686,2003
425747,2003
425766,2002
425767,2002
425768,2001
425769,1997
425772,2001
425773,2001
425774,2001
425775,1999
425776,1999
425777,1998
425778,2000
425779,1996
425780,1996
425783,2001
425784,2001
425785,2001
425786,1999
425787,1996
425788,2000
425789,1997
425792,1997
425793,2000
425794,2000
425795,1999
425796,2002
425798,1998
425817,2001
425818,2000
425819,2001
425820,1996
425821,2002
425822,2000
425823,2001
425824,2000
425825,1997
425826,1995
425827,2002
425829,2001
425830,2001
425831,1998
425833,1997
425834,2003
425835,2000
425836,1997
425838,2001
425840,2001
425841,2001
425842,1997
425843,1999
425844,2002
425847,2003
425848,2001
425850,2001
425851,2002
425852,1995
425853,2001
425854,1994
425855,1995
425856,2002
425857,1992
425858,2000
425859,2002
425860,2003
425861,1997
425862,1997
425863,1996
425864,1993
425865,2002
425866,2001
425867,2002
425877,2001
425878,2000
425880,2001
425882,1993
425883,2000
425897,2000
425899,2001
425900,2001
425902,2002
425903,2001
425904,1998
425905,1999
428420,2002
428460,2001
428642,2000
429260,1998
429280,1993
429300,2003
429400,2003
429402,1998
429420,1998
429421,1998
429440,2002
429480,1998
429580,1999
429662,2001
429663,2001
429664,2001
429665,2001
429666,2001
429667,2001
429708,2001
429709,2000
429710,2001
429711,2001
429712,2002
429713,2000
429714,2000
429715,2001
429716,2000
429717,2001
429718,2000
429719,2001
429720,2002
429721,2002
429722,2001
429723,2002
429724,2001
429731,2000
429760,1999
429780,2000
429781,2002
429783,1997
429801,2000
429806,2001
429821,2000
429841,1999
429842,2003
429901,2001
429981,2001
429982,2000
429983,1997
429984,1998
429985,2002
430001,2003
430002,2000
430021,2001
430041,2000
430061,2001
430083,1999
430101,2003
430161,2001
430162,2001
430203,2002
430261,1999
430263,1999
430321,2004
430404,2001
430561,1994
430562,1998
430563,1999
430564,1997
430565,2004
430566,2001
430567,1999
430570,2001
430571,2000
430573,2003
430574,2003
430577,2004
430578,2000
430579,2002
430580,2001
430581,2000
430582,1999
430583,2001
430584,2000
430585,2000
430586,2001
430587,2000
430588,2001
430589,2001
430590,2001
430591,2002
430592,2001
430593,2001
430594,2000
430595,2002
430596,2000
430597,2000
430598,2002
430599,2002
430600,2001
430601,2001
430602,2000
430603,2001
430604,2001
430605,2001
430606,2001
430607,2001
430608,2000
430609,2001
430610,2001
430611,2000
430612,2001
430613,2001
430614,2001
430615,2000
430616,2001
430617,2000
430618,2000
430619,2000
430620,2001
430621,1998
430622,2001
430624,2000
430626,2000
430627,2000
430628,1999
430629,2000
430630,1999
430631,2000
430632,2000
430633,2000
430634,2000
430635,1998
430636,2000
430637,2000
430638,1997
430639,2001
430641,2000
430642,2001
430643,2002
430644,2001
430645,2001
430646,2001
430647,2000
430648,2000
430649,2001
430650,2000
430651,1999
430652,2000
430653,2002
430654,2000
430655,2001
430656,1998
430657,1999
430658,1999
430660,2001
430661,2000
430663,2000
430664,2000
430665,2001
430666,1998
430668,2001
430669,2000
430670,2000
430671,1999
430672,2000
430673,2003
430674,2002
430675,2001
430676,1998
430680,1999
430681,2001
430682,2001
430683,2000
430684,2001
430685,2001
430686,2001
430687,2004
430788,2004
430828,2001
430829,2000
430830,2002
430831,1998
430832,2001
430833,2001
430834,2001
430836,1998
430837,2001
430838,2000
430839,1998
430840,1998
430841,2000
430842,1999
430883,2001
430884,2002
430885,1999
430886,1996
430887,2002
430889,2002
430894,1999
430895,1998
430896,2000
430897,2002
430898,1997
430899,1998
430900,1998
430901,1999
430903,1997
430904,2003
430905,2001
430906,2002
430907,1994
430908,2003
430909,1997
430910,2001
430911,2003
430912,2002
430913,2001
430917,2002
430925,2003
430926,1998
430927,2003
430928,2003
430929,2002
430930,2002
430931,2002
430932,1997
430934,1996
430935,2003
430936,1999
430937,2002
430938,2001
430939,2001
430940,1999
430941,2003
430942,1998
430943,2000
430944,1997
430945,2003
430946,2001
430947,2002
430948,2002
430949,1999
430951,2001
430952,2002
430953,1999
430954,2003
430955,2002
430956,2003
430957,2003
430958,2001
430959,1997
430960,1996
430961,1996
430962,2002
430963,2002
430964,2000
430965,2002
430968,2004
430969,2003
430970,1999
430971,2002
431094,2003
431095,1997
431097,1996
431138,1997
431140,1999
431141,2002
431143,2001
431145,2002
431146,1997
431148,2002
431149,2001
431150,2000
431151,2001
431153,1999
431154,2001
431155,2001
431156,1993
431157,2002
431158,1999
431159,2002
431160,2002
431161,1999
431162,2004
431164,2001
431165,1997
431166,2003
431167,2002
431169,2001
431170,2002
431171,2003
431226,2000
431228,2001
431229,2000
431246,1998
431247,1998
432928,2002
432933,1999
432934,2001
433217,2002
433258,1999
433278,2000
433477,2000
433517,2002
433578,2002
433579,2003
433580,2004
433581,2003
433582,2003
433583,2002
433584,2002
433585,2002
433586,2001
433587,2003
433589,2003
433590,2001
433591,2002
433592,2000
433593,1999
433594,2002
433595,2000
433597,2002
433657,2002
433677,1998
433697,2002
433877,2003
433897,2002
433898,2002
433997,2000
434097,2000
434117,2000
434118,2000
434137,2003
434158,2002
434159,2002
434180,2002
434181,2001
434298,1998
434319,1998
434338,1997
434438,2004
434439,2004
434440,1997
434441,1995
434442,2004
434479,2001
434480,2002
434481,2002
434482,2002
434498,1999
434518,1998
434519,1998
434521,1998
434522,2002
434523,2001
434524,2001
434525,2001
434538,2001
434539,1999
434540,1999
434558,2001
434559,2001
434560,1999
434561,2001
434562,2001
434563,2000
434564,2002
434565,1999
434566,2001
434567,2001
434578,2002
434579,2001
434580,1999
434581,2002
434582,2002
434583,2000
434584,1999
434585,1999
434586,2003
434587,2001
434588,2001
434589,2000
434590,2002
434591,1999
434592,2003
434593,2001
434594,2001
434595,2001
434596,1999
434597,2000
434599,1999
434600,2002
434601,2001
434602,1999
434603,2001
434604,2000
434605,2003
434618,2001
434619,2000
434620,2001
434621,2002
434622,2002
434623,2003
434624,2001
434625,2002
434626,2002
434627,2001
434628,2002
434629,2001
434630,2001
434631,1998
434632,1999
434633,2002
434634,2002
434635,2002
434636,2000
434637,2002
434638,2001
434639,2001
434640,2002
434641,2003
434642,2002
434643,2001
434658,2001
434659,2001
434660,2002
434661,2001
434662,2001
434663,2001
434664,2000
434665,2001
434666,2002
434667,2002
434668,2001
434669,2002
434670,2002
434671,2004
434672,2002
434678,2001
434679,2001
434680,2001
434681,2000
434682,0
434683,2001
434698,2002
434700,1997
434701,2002
434702,2000
434703,2001
434704,2002
434705,1999
434718,2004
434758,1997
434878,2001
434879,2001
434880,2001
434881,2002
434882,2000
434883,2002
434884,2001
434885,2001
434886,2001
434898,1997
434918,1999
434938,2003
434939,2003
434958,2000
434978,2001
435038,2001
435039,2004
435040,2003
435041,2004
435042,2003
435043,2002
435044,2003
435058,2002
435062,2002
435063,2000
435064,2003
435065,2003
435078,2002
435079,2003
435080,2004
435081,2004
435138,1999
435139,2003
435140,2003
435178,2002
435179,2002
435180,2002
435181,2002
435182,1998
435198,2002
435218,2003
435219,2001
435220,2003
435221,2002
435222,2004
435238,2000
435258,2001
435259,1998
435260,2001
435261,2001
435262,2000
435263,2002
435278,1998
435279,2002
435318,1998
435320,2003
435378,2003
435398,1999
435399,1998
435401,2001
435402,1999
435403,1994
435404,2000
435405,1997
435406,1998
435407,2004
435408,2001
435418,1996
435419,1999
435438,2003
435458,2002
435459,2003
435460,2003
435478,1988
435498,2000
435499,2000
435500,1999
435501,1998
435502,1998
435519,2001
435520,2004
435521,2003
435522,2004
435523,2000
435538,2004
435539,2003
435540,1999
435558,2003
435559,2004
435560,2003
435561,2003
435562,2004
435598,1999
435618,2004
435619,2003
435620,1999
435622,2004
435623,2004
435624,2004
435625,2003
435626,2004
435638,2004
435679,2000
435704,1998
435714,1998
435724,1998
435731,1998
435844,1995
435878,2000
436009,2000
436012,2001
436014,1998
436020,2000
436022,2000
436024,1999
436029,1998
436188,1995
436353,1996
436388,2001
436714,2001
436724,1997
436741,1997
436913,1998
437116,1993
437213,1998
437219,1998
437221,1998
437228,1998
437557,1998
437565,1998
437593,1998
437702,1995
437727,1997
437729,1997
437745,1997
437837,1996
437876,0
437905,1998
437912,1998
437917,1998
437919,1998
437924,1998
438222,1998
438423,1997
438719,1997
438854,1993
438927,1997
439309,1998
439312,1998
439327,1998
439421,1994
439485,1998
439504,1996
439511,1996
439515,1996
439569,1998
439664,1995
439890,2000
439897,1998
439902,1998
439905,1998
439913,1999
440056,1996
440148,1996
440251,2003
440351,1998
440354,1998
440361,1998
440364,1998
440574,1997
440738,1997
440773,1997
440785,1997
440798,1999
440803,1998
440898,2000
440916,2000
440917,2001
440918,2002
440924,2001
441067,1996
441107,1998
441117,1998
441127,1998
441130,1998
441144,1998
441266,1995
441290,2000
441292,2001
441332,1999
441395,1997
441429,1998
441636,1996
441649,1996
441798,1999
441799,1998
441804,1998
441807,1998
441819,1998
441850,1998
441895,1995
441914,1999
441933,2001
441944,1998
442059,1993
442146,1997
442480,1997
442500,2004
442707,1998
442710,1998
442712,1998
442738,1998
442745,1998
442901,1997
442913,1997
443542,2000
443545,2004
443554,2000
443558,2001
443559,2000
443563,1999
443759,1997
443767,1998
443908,2001
444030,2001
444041,1998
444099,2001
444100,2001
444105,2001
444107,2001
444116,2001
444125,2002
444126,2002
444133,2001
444135,2001
444137,2003
444143,2001
444312,2002
444315,1999
444317,1999
444320,1999
444327,1999
444333,1999
444337,2002
444340,2002
444347,2002
444348,2002
444349,2002
444350,2002
444351,2002
444352,2002
444354,2003
444355,2003
444357,2003
444359,2003
444360,2003
444361,2003
444362,2003
444363,2003
444364,2003
444370,2003
444371,2003
444372,2003
444373,2003
444379,2003
444380,2003
444381,2003
444382,2003
444384,2003
444388,2003
444394,2002
444395,2002
444396,2003
444398,2000
444399,2000
444400,2000
444401,2000
444402,2000
444410,2002
444415,2000
444418,2000
444422,2000
444424,2000
444425,2000
444428,2004
444429,2004
444430,2004
444431,2004
444436,2004
444437,2004
444441,2004
444443,2004
444444,2004
444446,2004
444448,2004
444449,2004
444452,2004
444453,2004
444454,2004
444456,2004
444457,2004
444466,2004
444467,2004
444499,2001
444503,2001
444505,2001
444510,2001
444511,2001
444514,2002
444515,2002
444518,2002
444519,2002
444520,2002
444521,2002
444523,2002
444531,2002
444534,2002
444537,2002
444540,2002
444541,2002
444542,2002
444546,2002
444547,2002
444559,1999
444577,0
444835,2003
444836,2003
444837,2003
444838,2003
444839,2003
444840,2003
444843,2003
444844,2003
444849,2003
444851,2004
444852,2003
444853,2003
444856,2003
444857,2003
444858,2003
444863,2003
444864,2003
444865,2003
444866,2004
444868,2003
444869,2003
444871,2004
444872,2003
444875,2003
444876,2004
444881,2003
444882,2003
444884,2003
444886,2000
444887,2000
444897,2000
444912,2000
444917,2000
444919,2000
444923,2000
444924,2000
444925,2000
444926,2000
444933,2004
444934,2004
444936,2004
444937,2004
444938,2004
444940,2004
444942,2004
444949,2004
444951,2004
444953,2004
444956,2004
444958,2004
444961,2004
444968,2004
444970,2004
444971,2004
444972,2004
444976,2004
444977,2004
444981,2004
444982,2004
444989,2004
444994,2004
444998,2004
445003,2004
445005,2004
445006,2004
445008,2004
445010,2004
445057,2001
445060,2001
445065,2001
445066,2003
445069,2002
445070,2002
445074,2001
445076,2001
445084,2002
445087,2002
445090,2002
445093,2002
445094,2002
445095,2002
445104,1999
445106,1999
445120,1999
445127,1999
445130,1999
445139,1999
445142,2003
445143,2003
445144,2003
445145,2003
445147,2003
445148,2003
445149,2003
445150,2003
445151,2003
445152,2003
445153,2003
445156,2003
445158,2003
445159,2003
445162,2004
445163,2004
445164,2004
445169,2004
445172,2004
445185,2004
445186,2004
445189,2004
445192,2004
445194,2004
445195,2004
445196,2004
445199,2004
445200,2004
445201,2004
445202,2004
445205,2004
445207,2004
445211,2004
445213,2004
445222,2000
445224,2000
445226,2000
445229,2000
445232,2000
445239,2001
445246,2001
445254,2001
445255,2001
445257,2001
445258,2001
445549,2002
445584,2002
445585,2002
445587,2002
445589,2002
445590,2002
445592,2002
445595,2003
445596,2002
445597,2002
445599,2002
445603,2003
445607,2004
445611,2004
445612,2003
445614,2004
445615,2004
445616,2003
445621,2003
445627,2003
445628,2003
445651,2002
445661,2000
445666,2000
445667,2000
445922,2003
445925,2004
445926,2003
445928,2003
445929,2003
445930,2004
445932,2003
445933,2003
445935,2004
445938,2003
445939,2003
445941,2003
445944,2003
445945,2003
445946,2003
445948,2003
445950,2003
445952,2003
445953,2003
445955,2003
445956,2003
445959,2003
445960,2003
445961,2003
445962,2003
445963,2003
445964,2003
445965,2004
445967,2003
445968,2003
445971,2003
445974,2003
445975,2003
445979,2004
445981,2002
445984,2004
445985,2003
445986,2002
445988,2003
445989,2003
445991,2001
445992,2003
445993,2004
445995,2001
445998,2003
446003,2004
446005,2002
446006,2001
446009,2004
446011,2001
446013,2003
446014,2004
446017,2003
446018,2003
446019,2004
446021,2002
446041,2004
446084,0
446299,2004
446335,2004
446338,2004
446339,2004
446362,2001
446436,2002
446442,2002
446447,2002
446451,2002
446452,2002
446453,2003
446454,2003
446455,2003
446457,2003
446459,2003
446465,2003
446469,2003
446471,2003
446473,2003
446474,2003
446475,2003
446477,2003
446479,2003
446481,2003
446486,2001
446488,1999
446492,2004
446494,1999
446497,2001
446527,2000
446529,2000
446536,2004
446537,2004
446538,2004
446541,2004
446543,2004
446544,2004
446547,2004
446550,2004
446553,2004
446556,2004
446557,2004
446564,2004
446565,2004
446566,2004
446573,2004
446576,2004
446580,2004
446584,2004
446592,2004
446593,2004
446598,2004
446599,2004
446601,2004
446602,2004
446606,2004
446611,2004
446621,2001
446624,2001
446629,2001
446632,2001
446633,2001
446636,2003
446640,2002
446641,2004
446646,2002
446647,2002
446649,2002
446651,2002
446652,2002
446653,2003
446654,2002
446657,2002
446658,2002
446659,2002
446660,2002
446662,2004
446663,2003
446829,1999
446849,2001
446855,1999
446857,2004
446858,2003
446859,2003
446862,2003
446866,2004
446868,2004
446870,2004
446872,2003
446877,2003
446878,2003
446879,2003
446880,2003
446881,2003
446884,2003
446885,2003
446887,2003
446891,2003
446892,2003
446893,2003
446897,2003
446898,2003
446899,2003
446901,2003
446903,2003
446904,2003
446905,2003
446906,2003
446907,2003
446908,2003
446909,2003
446910,2003
446911,2003
446916,2000
446919,2000
446920,2000
446924,2000
446927,2000
446928,2000
446932,2000
446934,2002
446936,2003
446937,2002
446938,2003
446939,2000
446941,2002
446948,2001
446950,2001
446952,2003
447638,2001
447641,2001
447643,2001
447654,2001
447655,2001
447656,2001
447658,2001
447659,2001
447670,2001
447672,2001
447694,1999
447710,2001
447714,2003
447717,2003
447718,2003
447719,2003
447721,2003
447724,2003
447726,2003
447730,2003
447731,2003
447732,2003
447733,2003
447734,2003
447735,2003
447736,2003
447741,2004
447747,2004
447748,2004
447749,2004
447753,2004
447755,2004
447759,2004
447761,2004
447764,2004
447767,2004
447768,2004
447769,2004
447770,2004
447778,2000
447787,2000
447788,2001
447789,2001
447790,2001
447792,2001
447794,2001
447797,2001
447800,2001
447803,2001
447804,2001
447807,2001
447808,2001
447810,2001
447816,2001
447826,2004
447835,2004
447836,2004
447838,2004
447840,2004
447843,2004
447847,2004
447848,2004
447849,2004
448144,2002
448145,2002
448146,2002
448147,2002
448151,2002
448157,2002
448159,2002
448162,2002
448164,2002
448165,2002
448167,2002
448168,2002
448170,2002
448172,2002
448175,2002
448176,2004
448178,2002
448179,2002
448180,2002
448183,2002
448184,2002
448186,2002
448192,1999
448200,2003
448201,1999
448205,2003
448210,2004
448218,2001
448220,2003
448224,2002
448226,2003
448227,2003
448228,2003
448229,2003
448230,2003
448231,2003
448233,2003
448234,2003
448235,2003
448236,2004
448237,2003
448239,2003
448240,2003
448241,2003
448242,2003
448243,2003
448244,2004
448245,2004
448248,2004
448249,2004
448252,2004
448253,2004
448255,2004
448256,2004
448257,2004
448258,2004
448259,2004
448260,2004
448262,2004
448263,2004
448269,2004
448270,2004
448272,2004
448273,2004
448274,2004
448276,2004
448280,2004
448282,2004
448283,2004
448287,2004
448289,2004
448290,2004
448291,2004
448293,2004
448296,2004
448297,2001
448298,2002
448300,2000
448302,2001
448306,2001
448307,2001
448308,2001
448310,2001
448312,2001
448318,2001
448320,2001
448322,2001
448323,2001
448327,2001
448329,2001
448337,2001
448588,2004
448589,2004
448590,2004
448591,2004
448592,2004
448593,2004
448595,2004
448596,2004
448597,2004
448600,2004
448601,2004
448602,2004
448603,2004
448605,2004
448606,2004
448609,2004
448610,2004
448612,2004
448614,2004
448615,2004
448616,2004
448619,2004
448622,2004
448623,2004
448624,2004
448625,2004
448626,2004
448627,2004
448630,2004
448631,2004
448640,2004
448642,2004
448645,2004
448650,2004
448651,2004
448653,2004
448654,2004
448656,2004
448657,2004
448658,2004
448663,2004
448671,2002
448674,2002
448676,2002
448682,2002
448686,2002
448688,2002
448691,2002
448692,2002
448693,2002
448694,2003
448697,2002
448698,2002
448699,2002
448705,2002
448710,2002
448711,2002
448714,2003
448717,1999
448720,2000
448722,2000
448726,1999
448728,1999
448732,1999
448747,2004
448749,2004
448750,2004
448753,2004
448755,2004
448758,2004
448759,2004
448760,2004
448761,2004
448765,2004
448766,2004
448767,2004
448768,2004
448769,2004
448771,2004
448773,2004
448774,2004
448775,2004
448776,2004
448777,2004
448784,2004
448785,2004
448786,2004
448789,2004
448790,2004
448795,2004
448796,2004
448797,2004
448799,2004
448800,2004
448807,2004
448811,2004
448812,2004
448815,2004
448817,2004
448818,2004
448819,2004
448823,2001
448827,2001
448831,2001
448833,2001
448839,2004
448841,2002
448842,2002
448843,2002
448850,2002
448854,2004
448857,2003
449051,1999
449055,2002
449057,2002
449060,2002
449061,2002
449065,2002
449070,2003
449071,2003
449072,2002
449075,2003
449076,2003
449079,2003
449080,2003
449081,2003
449082,2003
449083,2003
449084,2003
449085,2003
449087,2003
449089,2003
449090,2003
449091,2003
449092,2003
449094,2003
449096,2003
449097,2003
449098,2003
449100,2003
449101,2003
449104,2003
449105,2003
449107,2003
449108,2003
449109,2003
449110,2000
449111,2002
449112,2003
449114,2002
449115,2003
449116,2001
449119,2000
449121,2000
449122,2002
449127,2000
449128,2000
449129,2000
449136,2000
449137,2000
449138,2000
449143,2000
449145,2000
449154,2004
449156,2004
449157,2004
449159,2004
449160,2004
449161,2004
449162,2004
449164,2004
449166,2004
449167,2004
449168,2004
449170,2004
449171,2004
449172,2004
449173,2004
449447,2001
449448,2001
449449,2001
449451,2001
449452,2001
449457,2001
449459,2001
449460,2001
449461,2001
449463,2001
449468,2002
449471,2002
449474,2002
449475,2002
449476,2002
449477,2002
449484,2002
449486,2002
449488,2002
449738,1999
449742,2001
449757,1999
449772,1999
449774,2003
449775,2003
449776,2003
449777,2003
449780,2003
449782,2003
449783,2003
449784,2003
449786,2003
449790,2003
449791,2003
449792,2003
449793,2003
449794,2003
449795,2003
449796,2003
449798,2003
449799,2004
449800,2003
449802,2003
449803,2003
449804,2003
449805,2003
449806,2003
449808,2003
449809,2003
449810,2003
449811,2003
449812,2003
449813,2003
449816,2003
449818,2003
449820,2003
449821,2004
449822,2003
449828,2004
449831,1999
449832,1999
449847,2000
449852,2000
449863,2000
449865,2000
449867,2000
449874,2000
449875,2004
449878,2004
449881,2004
449882,2004
449886,2004
449894,2004
449896,2004
449897,2004
449903,2004
449910,2004
450172,2003
450175,2004
450180,2004
450185,2003
450187,2002
450188,2002
450190,2002
450191,2002
450192,2002
450194,2002
450195,2002
450196,2002
450198,2002
450200,2002
450201,2002
450202,2002
450203,2002
450204,2002
450205,2002
450207,2002
450209,2002
450210,2002
450211,2002
450212,2002
450217,2002
450218,2002
450219,2002
450223,1999
450236,1999
450240,2002
450241,2002
450245,2000
450247,2000
450248,2001
450249,2002
450250,1999
450251,2003
450254,2003
450255,2003
450258,2003
450259,2003
450260,2003
450261,2003
450264,2003
450265,2003
450267,2003
450269,2003
450270,2003
450271,2003
450273,2004
450275,2004
450276,2004
450278,2004
450281,2004
450282,2004
450283,2004
450284,2004
450286,2004
450287,2004
450288,2004
450289,2004
450290,2004
450292,2004
450293,2004
450294,2004
450295,2004
450296,2004
450299,2004
450300,2004
450303,2004
450305,2004
450306,2004
450307,2004
450309,2004
450312,2004
450313,2004
450314,2004
450315,2004
450316,2004
450320,2000
450321,2000
450322,2000
450324,2000
450325,2002
450330,2000
450334,2001
450338,2001
450341,2001
450348,2001
450351,2001
450352,2001
450353,2001
450356,2001
450363,2001
450524,2004
450819,2002
450820,2002
450821,2002
450824,2002
450825,2002
450829,2002
450832,2002
450834,2002
450842,2004
450845,2003
450852,2003
450855,2004
450857,2003
450862,2004
450863,2004
450864,2003
451169,2004
451170,2003
451172,2004
451173,2004
451176,2003
451178,2004
451186,2003
451187,2004
451188,2003
451189,2004
451190,2004
451191,2004
451192,2004
451193,2004
451197,2004
451199,2004
451200,2004
451201,2004
451202,2004
451203,2004
451204,2004
451205,2004
451206,2004
451207,2004
451211,2004
451212,2004
451216,2004
451218,2004
451220,2004
451238,2000
451239,2000
451250,2003
451252,2003
451256,2001
451257,2001
451258,2001
451259,2001
451261,2001
451262,2001
451467,2000
451471,2002
451474,2002
451481,2002
451482,2001
451486,2002
451487,2003
451490,2002
451491,2002
451494,2002
451497,2002
451499,2002
451500,2002
451504,2003
451505,2003
451506,2003
451507,2003
451511,2003
451512,2003
451515,2003
451516,2003
451518,2003
451521,2003
451522,2003
451523,2003
451525,2003
451526,2004
451530,2003
451532,2003
451533,2003
451534,2003
451536,2002
451537,2000
451538,2001
451542,2000
451545,1999
451546,2002
451547,1999
451553,2000
451562,2000
451565,2000
451567,2000
451571,2004
451576,2004
451577,2004
451584,2004
451587,2004
451588,2004
451590,2004
451591,2004
451595,2004
451596,2004
451600,2004
451602,2004
451604,2004
451605,2004
451606,2004
451607,2004
451608,2004
451613,2004
451614,2004
451617,2004
451618,2004
451619,2004
451621,2004
451622,2004
451625,2004
451627,2004
451629,2004
451630,2004
451631,2004
451632,2004
451640,2004
451641,2004
451643,2001
451644,2001
451647,2001
451650,2001
451653,2001
451654,2001
451655,2001
451657,2001
451662,2001
451663,2002
451664,2002
451666,2002
451668,2002
451670,2002
451678,2002
451680,2002
451682,2002
451683,2002
451685,2002
451687,2002
451689,2002
451690,2002
451695,2002
451729,1999
451739,1999
451747,1999
451750,1999
451754,2003
451757,0
451758,2003
451762,2003
451763,2003
451766,2004
451767,2003
451768,2004
451769,2003
451770,2003
451771,2003
451773,2003
451774,2003
451775,2003
451778,2003
451781,2003
451782,2003
451783,2003
451788,2003
451789,2003
451790,2003
451791,2003
451792,2004
451793,2003
451794,2003
451795,2003
451796,2003
451797,2003
451798,2003
451799,2003
451801,2003
451803,2003
451804,2003
451806,2003
451987,2001
451990,2002
451993,2001
451994,2002
451997,2003
452001,2002
452005,2004
452007,2003
452009,2003
452011,2002
452013,2001
452014,2002
452015,2001
452020,2001
452028,2004
452029,2004
452030,2004
452034,2004
452036,2004
452037,2004
452040,2004
452042,2004
452044,2004
452049,2004
452051,2004
452052,2004
452053,2004
452056,2004
452057,2004
452059,2004
452062,2004
452063,2004
452064,2004
452066,2004
452067,2004
452071,2004
452072,2004
452073,2004
452074,2004
452075,2004
452077,2004
452080,2004
452083,2004
452087,2004
452089,2004
452090,2004
452092,2004
452093,2004
452098,2004
452100,2004
452129,2001
452132,2001
452135,2001
452139,2001
452142,2001
452149,2001
452150,2002
452153,2003
452155,2001
452157,2001
452161,2001
452162,2001
452166,2001
452167,2001
452168,2004
452169,2002
452174,2002
452175,2004
452181,1999
452183,1999
452190,1999
452198,2003
452199,2003
452200,2003
452202,2003
452205,2003
452207,2003
452210,2003
452211,2003
452212,2003
452215,2003
452216,2004
452217,2004
452218,2004
452219,2004
452225,2004
452227,2004
452230,2004
452232,2004
452234,2004
452235,2004
452237,2004
452238,2004
452240,2004
452241,2004
452243,2004
452245,2004
452246,2004
452247,2004
452252,2004
452254,2004
452256,2004
452257,2004
452258,2004
452259,2004
452260,2004
452264,2000
452265,2000
452266,2000
452269,2000
452271,2000
452276,2001
452285,2001
452287,2001
452291,2001
452293,2001
452296,2001
452298,2001
452301,2001
452304,2001
452305,2001
452310,2004
452312,2004
452318,2004
452319,2004
452325,2004
452328,2004
452624,2002
452625,2002
452627,2002
452631,2002
452635,2002
452637,2002
452640,2002
452643,2002
452646,2003
452650,2003
452652,2003
452653,2003
452655,2003
452656,2003
452657,2002
452658,2003
452660,2004
452665,2003
452667,2003
452668,2003
452670,2003
452671,2003
452672,2002
452673,2003
452675,2004
452676,2003
452677,2003
452678,2004
452705,2002
452706,2000
452711,2002
452712,2000
452716,2003
452717,2003
452718,2003
452719,2003
452721,2003
452722,2004
452724,2003
452725,2003
452727,2003
452728,2003
452730,2003
452732,2003
452733,2003
452734,2004
452735,2004
452739,2004
452740,2004
452742,2004
452746,2004
452747,2004
452748,2004
452752,2004
452758,2004
452759,2004
452762,2004
452763,2004
452766,2004
452767,2004
452769,2004
452770,2004
452772,2004
452777,2004
452780,2004
452783,2004
452784,2004
452949,2000
452951,2000
452967,2000
452971,2000
452989,2000
453165,2001
453426,2002
453430,2001
453431,2001
453432,2001
453435,2001
453438,2002
453444,2002
453450,2002
453451,2002
453454,2002
453455,2002
453458,2002
453459,2002
453461,2002
453463,2002
453464,2002
453469,2004
453480,1999
453483,1999
453484,1999
453497,2000
453498,2000
453500,2000
453504,2000
453507,2000
453511,2000
453512,2004
453514,2004
453515,2004
453517,2004
453519,2004
453525,2004
453527,2004
453529,2004
453530,2004
453531,2004
453534,2004
453536,2004
453541,2004
453542,2004
453555,2004
453556,2004
453558,2004
453559,2004
453571,2004
453576,2004
453579,2004
453584,2004
453585,2004
453589,2004
453592,2004
453593,2004
453594,2004
453597,2004
453619,2001
453624,2004
453627,2002
453632,2003
453633,2004
453639,2003
453641,2002
453645,2002
453646,2002
453649,2004
453651,2003
453652,2004
453835,1999
453849,2003
453851,2004
453852,2003
453854,2003
453855,2004
453857,2003
453859,2003
453861,2004
453862,2003
453865,2003
453868,2003
453872,2003
453874,2003
453880,2003
453881,2003
453883,2003
453884,2003
453885,2003
453886,2003
453889,2003
453890,2003
453891,2003
453892,2003
453895,2003
453896,2003
453897,2003
453898,2003
453900,2003
453902,2004
453904,2002
453911,2000
453919,2000
453923,2002
453924,2000
453934,2004
453935,2001
453937,2000
453941,2000
453945,2004
453949,2004
453952,2004
453954,2004
453957,2004
453958,2004
453963,2004
453967,2004
453968,2004
453969,2004
453970,2004
453972,2004
453973,2004
453974,2004
454434,2002
454435,2002
454437,2002
454440,2002
454441,2002
454442,2002
454446,2002
454447,2002
454448,2002
454453,2002
454455,2002
454456,2002
454463,2002
454468,2002
454472,2002
454475,2002
454476,2002
454477,2002
454479,2002
454480,2003
454481,2003
454524,1999
454525,1999
454528,2002
454533,2002
454535,2002
454536,2002
454537,2002
454538,2002
454539,2002
454541,2002
454550,2002
454551,2002
454554,2003
454555,2003
454556,2003
454558,2003
454560,2003
454561,2003
454563,2003
454567,2003
454570,2003
454571,2003
454573,2003
454574,2003
454576,2003
454579,2003
454580,2003
454581,2003
454597,2000
454598,2000
454608,2001
454612,2001
454622,2001
454626,2001
454628,2001
454629,2001
454640,2004
454641,2004
454644,2004
454653,2004
454659,2004
454662,2004
454663,2004
454668,2004
454966,2004
454968,2002
454975,2004
454977,2002
454978,2004
454979,2004
454988,2002
454990,2002
454991,2002
454992,2002
454993,2002
454994,2002
454998,2002
455000,2002
455002,2002
455003,2002
455004,2002
455005,2002
455007,2002
455008,2002
455009,2002
455025,1999
455031,2000
455032,2002
455033,2001
455036,2002
455037,2004
455039,2000
455040,2000
455041,2000
455047,2000
455053,2003
455054,2000
455057,2000
455058,2003
455059,2003
455060,2003
455061,2003
455064,2003
455065,2003
455066,2003
455068,2003
455072,2003
455075,2003
455077,2004
455079,2004
455082,2004
455085,2004
455088,2004
455089,2004
455090,2004
455091,2004
455092,2004
455095,2004
455097,2004
455098,2004
455099,2004
455100,2004
455101,2004
455102,2004
455104,2004
455106,2004
455107,2004
455108,2004
455111,2004
455113,2004
455114,2004
455115,2004
455117,2004
455123,2004
455125,2004
455126,2004
455127,2000
455129,2001
455136,2000
455137,2002
455139,2001
455141,2001
455146,2001
455148,2001
455155,2001
455159,2001
455161,2001
455166,2001
455167,2001
455367,0
455589,2001
455593,2001
455596,2001
455597,2003
455602,2001
455603,2001
455605,2001
455606,2001
455612,2001
455627,1999
455643,1999
455648,1999
455650,1999
455659,1999
455664,2003
455666,2003
455669,2003
455670,2003
455672,2003
455673,2003
455674,2003
455675,2003
455678,2003
455679,2003
455683,2003
455685,2003
455686,2003
455687,2003
455688,2003
455696,2004
455706,2004
455708,2004
455712,2004
455723,2001
455724,2001
455725,2001
455730,2001
455739,2003
455743,2001
455744,2001
455746,2002
455748,2002
455749,2002
455750,2002
455751,2002
455752,2002
455754,2002
455755,2002
455756,2002
455758,2002
455759,2002
455921,2001
455924,1999
455927,1999
455929,2001
455930,1999
455933,1999
455938,2002
455940,2002
455943,2002
455946,2002
455949,2002
455951,2002
455954,2002
455957,2003
455960,2003
455961,2003
455962,2003
455963,2003
455966,2003
455967,2003
455969,2003
455970,2004
455971,2003
455972,2003
455973,2003
455976,2003
455977,2003
455979,2003
455981,2003
455982,2003
455985,2003
455986,2003
455993,2001
455994,2002
455996,2001
455997,2001
456006,2000
456008,2000
456010,2000
456012,2000
456020,2000
456022,2000
456026,2004
456027,2004
456028,2004
456029,2004
456030,2004
456031,2004
456033,2004
456035,2004
456037,2004
456038,2004
456043,2004
456046,2004
456047,2004
456048,2004
456050,2004
456098,2001
456099,2001
456101,2001
456102,2001
456105,2001
456108,2002
456109,2002
456112,2004
456113,2002
456118,2002
456119,2002
456120,2002
456121,2002
456122,2002
456124,2002
456126,2002
456127,2002
456128,2002
456130,2002
456132,2002
456133,2002
456134,2002
456138,2002
456376,2003
456381,2003
456383,2003
456384,2003
456387,2003
456389,2004
456390,2003
456394,2003
456395,2003
456400,2004
456406,2003
456407,2003
456409,2003
456414,2003
456415,2003
456416,2003
456420,2003
456421,2003
456422,2003
456424,2004
456425,2004
456429,2004
456430,2004
456435,2000
456436,2000
456438,2000
456439,2000
456447,2000
456457,2000
456458,2000
456477,2000
456479,2003
456481,2002
456492,2004
456495,2004
456498,2004
456500,2004
456509,2004
456511,2004
456513,2004
456514,2004
456520,2004
456521,2004
456522,2004
456523,2004
456527,2004
456535,2004
456540,2004
456541,2004
456545,2004
456547,2004
456551,2004
456554,2002
456558,2002
456559,2002
456563,2002
456569,2002
456573,2002
456575,2002
456576,2002
456577,2002
456579,2002
456584,2002
456585,2002
456589,2002
456591,2002
456594,2002
456596,2002
456598,2002
456599,2002
456612,1999
456627,2002
456629,2000
456630,2002
456631,1999
456635,1999
456637,2001
456642,2003
456645,2003
456651,2003
456654,2003
456655,2003
456656,2003
456659,2003
456661,2003
456671,2004
456680,2004
456682,2004
456689,2004
456697,2004
456698,2004
456699,2004
456701,2004
456702,2004
456703,2004
456705,2004
456706,2004
456707,2004
456708,2004
456709,2004
456710,2004
456711,2004
456714,2004
456726,2000
456727,2000
456729,2000
456732,2001
456733,2001
456740,2001
456744,2001
456747,2001
456748,2001
456749,2001
456751,2001
456755,2001
456756,2001
456757,2001
456761,2001
456762,2001
456889,2002
456896,2002
456907,2004
457085,2002
457086,2002
457091,2002
457094,2002
457095,2002
457098,2002
457101,2002
457103,2003
457104,2004
457108,2004
457109,2004
457112,2003
457116,2004
457122,2003
457127,2003
457128,2003
457129,2004
457130,2003
457133,2003
457135,2004
457384,1999
457420,2003
457422,2003
457424,2003
457425,2003
457427,2003
457428,2003
457429,2003
457434,2003
457435,2003
457437,2003
457439,2003
457440,2003
457441,2003
457444,2003
457447,2003
457448,2003
457449,2003
457450,2003
457451,2003
457452,2004
457453,2003
457454,2003
457455,2003
457456,2003
457457,2003
457458,2003
457460,2003
457461,2003
457462,2003
457465,2003
457466,2003
457468,2003
457469,2003
457470,2003
457473,2003
457474,2003
457476,2002
457477,2002
457481,2002
457483,2001
457485,2004
457486,2002
457488,2002
457489,2001
457490,2001
457491,2002
457492,2002
457493,2001
457495,2001
457496,2001
457497,2001
457498,2001
457499,2001
457500,2004
457502,2001
457503,2001
457507,2001
457508,2001
457512,2001
457517,2002
457519,2001
457521,2004
457522,2004
457523,2004
457528,2004
457530,2004
457540,2004
457542,2004
457543,2004
457544,2004
457545,2004
457547,2004
457550,2004
457553,2004
457554,2004
457555,2004
457656,2004
457805,2002
457808,2002
457810,2002
457812,2004
457817,2002
457819,2002
457820,2002
457821,2002
457824,2003
457826,2003
457828,2003
457829,2003
457830,2003
457833,2003
457835,2003
457836,2003
457842,2003
457844,2003
457848,2003
457850,2003
457853,2003
457854,2003
457855,2003
457856,2003
457858,1999
457859,1999
457874,2000
457881,2000
457882,2000
457883,2000
457886,2000
457902,2004
457903,2004
457905,2004
457907,2004
457908,2004
457909,2004
457910,2004
457911,2004
457915,2004
457916,2004
457917,2004
457918,2004
457919,2004
457920,2004
457921,2004
457922,2004
457926,2004
457927,2004
457928,2004
457930,2004
457931,2004
457932,2004
457934,2004
457935,2004
457936,2004
457937,2004
457943,2004
457946,2004
457948,2004
457949,2004
457950,2004
457951,2004
457953,2004
457954,2004
457955,2004
457957,2004
457958,2004
457959,2004
457960,2004
457963,2004
457965,2004
457966,2004
457967,2004
457968,2001
457972,2001
457978,2001
457984,2001
457985,2001
457988,2002
457991,2002
457992,2002
457993,2002
457994,2003
458000,2002
458001,2002
458002,2002
458003,2002
458005,2002
458006,2002
458008,2002
458010,2002
458013,2002
458015,2002
458018,2002
458020,2002
458027,2004
458182,1999
458187,1999
458190,1999
458208,1999
458210,2004
458213,2004
458220,2004
458221,2004
458222,2003
458228,2003
458230,2003
458232,2003
458233,2003
458234,2003
458235,2003
458236,2003
458237,2003
458238,2003
458239,2003
458241,2003
458243,0
458244,2003
458245,2003
458246,2003
458247,2003
458248,2003
458249,2003
458250,2003
458252,2003
458253,2003
458255,2004
458258,2003
458259,2003
458260,2003
458494,2001
458496,2001
458498,2001
458501,2001
458504,2001
458509,2001
458512,2004
458514,2004
458516,2004
458520,2004
458523,2004
458524,2004
458526,2004
458527,2004
458528,2004
458532,2004
458533,2004
458534,2004
458535,2004
458539,2004
458543,2004
458545,2004
458548,2004
458560,2004
458564,2004
458567,2004
458568,2004
458570,2004
458573,2004
458578,2004
458579,2004
458580,2004
458581,2004
458582,2004
458590,2004
458592,2004
458593,2004
458628,2001
458633,2001
458637,2002
458638,2001
458640,2001
458641,2001
458643,2001
458646,2003
458647,2004
458648,2003
458649,2004
458650,2001
458651,2004
458652,2002
458654,2001
458655,2003
458656,2001
458657,2003
458658,2001
458659,2001
458661,2001
458662,2001
458664,2001
458665,2002
458666,2002
458873,1999
458875,1999
458882,2001
458884,1999
458887,2002
458890,2003
458892,2003
458894,2003
458895,2003
458897,2003
458899,2003
458900,2003
458902,2003
458905,2003
458906,2003
458908,2003
458909,2003
458910,2003
458912,2003
458913,2004
458914,2004
458915,2004
458917,2004
458918,2004
458919,2004
458922,2004
458923,2004
458924,2004
458926,2004
458928,2004
458932,2004
458936,2004
458938,2004
458939,2004
458940,2004
458942,2004
458945,2004
458946,2004
458949,2004
458952,2000
458969,2001
458974,2001
458984,2001
458986,2001
458987,2003
459001,2004
459002,2004
459003,2004
459005,2004
459006,2004
459007,2004
459009,2004
459011,2004
459012,2004
459013,2004
459014,2004
459016,2004
459017,2004
459018,2004
459019,2004
459020,2004
459021,2004
459023,2004
459302,2002
459303,2002
459310,2002
459312,2002
459314,2002
459315,2002
459317,2002
459318,2002
459320,2002
459322,2002
459323,2002
459324,2002
459327,2002
459332,2002
459333,2002
459334,2002
459335,2002
459336,2002
459344,2002
459345,2002
459350,2004
459352,2002
459359,1999
459369,2001
459371,2004
459372,1999
459375,2000
459376,2001
459377,2000
459382,2002
459383,2000
459390,2000
459401,2003
459402,2003
459403,2004
459407,2003
459408,2003
459409,2003
459414,2003
459415,2004
459419,2004
459421,2004
459422,2004
459423,2004
459425,2004
459426,2004
459429,2004
459430,2004
459437,2004
459438,2004
459439,2004
459440,2004
459444,2004
459447,2004
459448,2004
459449,2004
459452,2004
459454,2004
459455,2004
459456,2004
459458,2004
459459,2004
459460,2004
459461,2004
459464,2004
459689,2000
459691,2000
459692,2000
459696,2000
459698,2000
459712,2000
459714,2000
459717,2001
459718,2000
459928,0
460030,2004
460167,2002
460170,2002
460172,2002
460173,2002
460178,2002
460183,2002
460186,2002
460187,2002
460188,2002
460194,2002
460196,2002
460207,2002
460209,2002
460211,2002
460212,2003
460217,2002
460225,2001
460227,2001
460228,2001
460232,2000
460238,1999
460239,1999
460248,2001
460250,2004
460251,2004
460253,2004
460257,2004
460258,2004
460259,2004
460260,2004
460261,2004
460262,2004
460263,2004
460264,2004
460266,2004
460267,2004
460269,2004
460271,2004
460273,2004
460274,2004
460275,2004
460278,2004
460279,2004
460281,2004
460282,2004
460283,2004
460284,2004
460285,2004
460289,2004
460291,2004
460292,2004
460293,2004
460297,2004
460300,2004
460309,2004
460314,2004
460319,2004
460320,2004
460323,2004
460325,2004
460346,2003
460347,2003
460348,2003
460349,2002
460352,2002
460354,2003
460357,2003
460366,2002
460368,2002
460370,2003
460371,2004
460374,2003
460562,2004
460566,1999
460571,1999
460576,2004
460578,2002
460579,2003
460580,2003
460588,2004
460589,2002
460590,2002
460592,2003
460593,2004
460597,2003
460601,2003
460602,2003
460604,2003
460605,2003
460606,2003
460607,2003
460609,2003
460611,2003
460612,2003
460614,2003
460616,2003
460618,2003
460620,2003
460621,2003
460622,2003
460623,2003
460624,2003
460631,2000
460639,2002
460644,2000
460647,2000
460648,2003
460653,2000
460654,2000
460657,2000
460663,2000
460668,2000
460673,2004
460676,2004
460677,2004
460681,2004
460682,2004
460684,2004
460686,2004
460690,2004
460696,2004
460697,2004
461212,2002
461213,2002
461216,2002
461217,2002
461218,2002
461222,2002
461226,2002
461229,2002
461231,2002
461233,2002
461234,2002
461235,2002
461243,2002
461246,2002
461247,2002
461250,2002
461251,2002
461252,2002
461256,2003
461257,2002
461258,2002
461260,2002
461266,2004
461310,2003
461313,2003
461314,2003
461315,2003
461317,2003
461318,2003
461320,2003
461321,2003
461325,2003
461326,2003
461328,2003
461329,2003
461330,2003
461331,2003
461332,2003
461334,2003
461335,2003
461338,2003
461341,2003
461342,2003
461343,2003
461344,2003
461345,2003
461347,2003
461348,2003
461350,2003
461351,2003
461352,2003
461357,2003
461358,2004
461361,2004
461364,1999
461366,1999
461373,1999
461377,1999
461382,2000
461383,2000
461385,2000
461387,2000
461389,2000
461390,2000
461391,2000
461394,2000
461401,2004
461402,2000
461407,2004
461409,2004
461413,2004
461418,2004
461429,2004
461433,2004
461434,2004
461435,2004
461723,2002
461727,2004
461734,2004
461735,2004
461737,2004
461738,2003
461743,2002
461744,2002
461747,2002
461751,2002
461753,2002
461756,2002
461757,2002
461759,2002
461765,2002
461766,2004
461767,2002
461768,2002
461769,2002
461770,2002
461774,1999
461788,2001
461791,2002
461793,2001
461795,1999
461797,2000
461806,2000
461809,2003
461811,2003
461815,2003
461820,2003
461823,2003
461825,2003
461826,2003
461829,2004
461830,2004
461831,2004
461832,2004
461833,2004
461834,2004
461835,2004
461836,2004
461838,2004
461839,2004
461840,2004
461845,2004
461846,2004
461848,2004
461849,2004
461851,2004
461852,2004
461853,2004
461856,2004
461858,2004
461859,2004
461861,2004
461862,2004
461863,2004
461864,2004
461867,2004
461872,2004
461873,2004
461874,2004
461880,2000
461881,2000
461882,2004
461883,2000
461892,2001
461902,2001
461903,2001
461904,2001
461906,2001
461911,2001
461912,2001
461914,2002
461919,2001
461920,2001
461922,2001
462375,2001
462378,2001
462381,2001
462382,2001
462385,2001
462390,2001
462393,2001
462397,2001
462402,2001
462403,2001
462405,2001
462406,2001
462408,2001
462411,2001
462412,2001
462413,2001
462417,2001
462418,2001
462422,2001
462432,1999
462433,1999
462441,1999
462465,1999
462479,2004
462480,2004
462482,2004
462483,2004
462486,2004
462489,2004
462491,2004
462493,2004
462494,2004
462496,2004
462501,2004
462503,2004
462514,2004
462520,2004
462521,2004
462522,2004
462523,2004
462525,2000
462528,2000
462536,2000
462547,2003
462548,2001
462549,2001
462550,2002
462551,2001
462560,2001
462562,2001
462564,2001
462569,2001
462747,1999
462810,2000
462830,2000
462851,2001
462855,2002
462877,2002
462896,2000
462903,2002
462910,2004
462918,2004
462929,2002
462936,2004
462938,2003
462940,2003
462942,2003
462943,2003
462944,2003
462945,2002
462950,2002
462956,2003
462965,2004
462985,2004
462987,2003
462992,2003
462993,2004
462995,2003
463015,2004
463018,2004
463477,2000
463541,2003
463553,2001
463583,2003
463594,2004
463606,2002
463610,2003
463614,0
463621,2003
463625,2003
463637,2004
463660,2003
463671,2003
463674,2003
463683,2004
463709,2004
463718,0
464011,0
464231,2000
464240,2000
464241,2000
464244,2003
464254,2001
464258,2004
464264,2003
464266,2003
464268,2003
464275,2003
464281,2003
464284,2004
464286,2002
464296,2002
464299,2003
464301,2004
464302,2003
464308,2003
464321,0
464327,2004
464328,2003
464341,2003
464347,2004
464348,2004
464349,2004
464351,2004
464390,2004
464391,0
464408,0
464420,2004
464427,0
464706,1998
464756,1998
464770,2000
464867,2000
464869,2000
464900,2002
464930,2002
464931,2002
464943,2002
464944,2002
464946,2002
464947,2004
464979,2003
464991,2004
464992,0
465002,2004
465008,2004
465017,2004
465027,2004
465055,2004
465072,2004
465080,2004
465085,2004
465089,2004
465093,2004
465510,2003
465583,2002
465590,2003
465593,2002
465603,2002
465612,2003
465615,2002
465616,2004
465629,2003
465639,2003
465640,2003
465657,2002
465659,2002
465662,2002
465665,2004
465668,2002
465679,2004
465685,2004
465691,0
465699,2003
465700,2004
465705,2004
465708,2003
465711,2004
465713,2004
465716,2003
465739,0
465754,2004
465758,2004
465760,2004
465773,2004
465777,2004
465779,2004
465783,2004
465785,2004
466203,2003
466232,2002
466272,2001
466283,2002
466312,2002
466320,2003
466323,2003
466332,2003
466338,2003
466349,2003
466371,2004
466374,0
466422,2004
466452,2004
466460,2004
466481,2004
466792,2000
466829,2000
466831,2001
466838,2004
466908,2004
466918,2002
466936,2002
466944,2001
466947,2001
466948,2002
466951,2003
466956,2003
466957,2003
466981,2004
466983,2003
466986,2003
466988,2003
466989,2003
466994,2004
466995,2002
466999,2002
467003,2004
467004,2002
467009,2004
467013,2004
467028,2004
467032,2003
467047,2004
467055,2004
467061,2004
467078,2004
467135,2004
467424,1999
467520,2000
467544,2001
467570,2002
467571,2001
467577,2001
467594,2001
467630,2003
467651,2003
467660,2004
467668,2003
467670,2002
467676,2003
467681,2003
467683,2002
467684,2003
467687,2002
467721,2003
467726,2004
467728,2003
467731,2003
467744,2003
467748,2003
467749,2003
467750,2003
467761,2003
467768,2003
467769,2004
467771,2003
467779,2004
467788,2003
468010,1995
468122,1997
468239,1999
468254,2001
468270,2001
468275,2001
468282,2002
468283,2000
468304,2002
468327,2001
468398,2004
468402,2002
468406,2003
468408,2004
468421,2003
468435,2003
468469,0
468470,2004
468542,0
468866,1999
468879,1999
468892,1999
468915,2000
468936,2001
468962,2002
468981,2001
469008,2004
469009,2003
469025,2003
469040,2003
469069,2004
469075,2004
469085,2003
469097,2004
469114,2004
469125,2004
469129,2004
469133,2003
469144,2003
469151,2004
469164,2003
469196,0
469586,2001
469618,1999
469634,0
469636,2002
469685,2002
469698,2002
469699,2002
469703,2002
469715,2002
469721,2001
469722,2001
469735,2002
469752,2003
469754,2003
469768,2002
469775,2004
469776,2003
469795,2002
469808,2004
469813,2004
469821,2004
469832,2003
469834,2004
469845,2004
469846,2004
470118,1997
470279,2000
470364,2001
470370,2003
470379,2002
470382,2004
470390,2003
470392,2002
470427,2002
470430,2002
470453,2004
470463,2002
470506,2004
470509,0
470731,1994
470823,2001
470830,2000
470845,1998
470939,2002
470989,2000
471008,2000
471014,2002
471024,2001
471039,2003
471069,2003
471083,2002
471107,2002
471112,2004
471127,2004
471128,2004
471132,2004
471140,2004
471142,2003
471144,0
471164,2004
471188,2004
471589,1998
471693,2000
471697,2000
471714,2000
471781,2002
471790,2002
471794,2004
471803,2004
471808,2002
471817,2003
471822,2002
471839,2003
471858,2004
471862,2004
471863,2003
471865,2003
471868,2004
471872,2004
471876,2004
471911,2004
472262,1998
472394,2002
472451,2001
472472,2002
472490,2001
472502,2004
472505,2003
472510,2003
472517,2004
472533,2003
472535,2003
472542,0
472544,2003
472574,2004
472592,2004
472594,2004
472601,2004
472884,1996
472923,1997
472993,1998
473019,2001
473029,2000
473061,2001
473137,2001
473141,2001
473154,2001
473156,2004
473193,2004
473213,2003
473215,2003
473222,2004
473224,2004
473227,2004
473229,2004
473230,2003
473234,2003
473239,2003
473241,2003
473242,2003
473244,2004
473283,0
475728,0
481921,2001
483337,2003
487667,2004
489564,2004
489769,0
490584,2003
490631,2003
491653,0
491710,0
493247,1996
500235,2003
501310,0
502515,0
517004,0
517368,0
520930,0
525468,0
525718,0
